[
    {
        "nim": "2159201043",
        "nama": "PUJI BARATA",
        "jenisKelamin": "Laki-Laki",
        "jurusan": "Sistem dan Teknologi Informasi",
        "mataKuliah": "Metodologi Penelitian",
        "nilai": "85",
        "nilaiMutu": "B",
        "lulus": "Lulus"
    },
    {
        "nim": "2159201043",
        "nama": "PUJI BARATA",
        "jenisKelamin": "Laki-Laki",
        "jurusan": "Sistem dan Teknologi Informasi",
        "mataKuliah": "Pemrograman Web",
        "nilai": "91",
        "nilaiMutu": "B",
        "lulus": "Lulus"
    },
    {
        "nim": "2159201043",
        "nama": "Bara",
        "jenisKelamin": "Laki-Laki",
        "jurusan": "Sistem dan Teknologi Informasi",
        "mataKuliah": "Metodologi Penelitian",
        "nilai": "86",
        "nilaiMutu": "B",
        "lulus": "Lulus"
    }
]